FID,Id,FID_n,FID_1,centroid_x,centroid_y
0,0,0,0,-101.6831767,19.16519684
1,1,1,0,-101.6776035,19.1678233
2,2,2,0,-101.6771568,19.16852674
3,3,3,0,-101.6759738,19.16927472
4,4,4,0,-101.6765761,19.16938642
5,5,5,0,-101.6761096,19.17020887
6,6,6,0,-101.6774226,19.16987291
7,7,7,0,-101.6735835,19.16905383
8,8,8,0,-101.6720823,19.17218846
9,9,9,0,-101.6708845,19.17395492
10,10,10,0,-101.6722597,19.17451612
11,11,11,0,-101.6769861,19.16638686
12,12,12,0,-101.6818892,19.1668513
13,13,13,0,-101.6948836,19.16015229
14,14,14,0,-101.6966958,19.16164665
15,15,15,0,-101.6990893,19.16391748
16,16,16,0,-101.7001049,19.16408603
17,17,17,0,-101.7016597,19.16416412
18,18,18,0,-101.7031024,19.16402722
19,19,19,0,-101.6993398,19.15722312
20,20,20,0,-101.6702492,19.1749563
21,21,21,0,-101.6625109,19.16431459
22,22,22,0,-101.6581088,19.16394865
23,23,23,0,-101.6564161,19.16696002
24,24,24,0,-101.66378,19.17687209
25,25,25,0,-101.6631374,19.17718368
26,26,26,0,-101.6573219,19.18702194
27,27,27,0,-101.6989675,19.1469534
28,28,28,0,-101.715812,19.14629324
29,29,29,0,-101.7164374,19.14713087
30,30,30,0,-101.7301192,19.14074661
31,31,31,0,-101.7299412,19.14205736
32,32,32,0,-101.7330874,19.15011582
33,33,33,0,-101.7338542,19.14985765
34,34,34,0,-101.7344446,19.14970931
35,35,35,0,-101.7463854,19.14156511
36,36,36,0,-101.7453367,19.14170064
37,37,37,0,-101.7459944,19.14173807
38,38,38,0,-101.7438805,19.14206165
39,39,39,0,-101.7430511,19.14254408
40,40,40,0,-101.7389269,19.1370917
41,41,41,0,-101.7383353,19.13801921
42,42,42,0,-101.7363701,19.13927315
43,43,43,0,-101.7324849,19.13106613
44,44,44,0,-101.7292333,19.12413578
45,45,45,0,-101.7352883,19.12465537
46,46,46,0,-101.7342557,19.1249451
47,47,47,0,-101.735762,19.12544813
48,48,48,0,-101.7363061,19.10794754
49,49,49,0,-101.7599229,19.13731402
50,50,50,0,-101.7599164,19.13684513
51,51,51,0,-101.7696976,19.1403972
52,52,52,0,-101.7719096,19.14330451
53,53,53,0,-101.7725264,19.14160109
54,54,54,0,-101.7741727,19.14242263
55,55,55,0,-101.7721563,19.14598025
56,56,56,0,-101.76999,19.12633356
57,57,57,0,-101.7764843,19.12605418
58,58,58,0,-101.7767428,19.12688246
59,59,59,0,-101.777488,19.12440072
60,60,60,0,-101.7788865,19.12353294
61,61,61,0,-101.7785322,19.12229473
62,62,62,0,-101.7759501,19.12302932
63,63,63,0,-101.7794838,19.11874559
64,64,64,0,-101.7797046,19.11795926
65,65,65,0,-101.7873458,19.11389477
66,66,66,0,-101.7941989,19.11293589
67,67,67,0,-101.794132,19.11476646
68,68,68,0,-101.7955305,19.12752712
69,69,69,0,-101.7958831,19.16602996
70,70,70,0,-101.7962275,19.16799409
71,71,71,0,-101.7985171,19.17854374
72,72,72,0,-101.7955859,19.1832403
73,73,73,0,-101.7942595,19.18306918
74,74,74,0,-101.7941857,19.18332567
75,75,75,0,-101.79382,19.1858852
76,76,76,0,-101.7913463,19.19143225
77,77,77,0,-101.791535,19.19211101
78,78,78,0,-101.7941029,19.19308183
79,79,79,0,-101.7946322,19.19472795
80,80,80,0,-101.7929323,19.19490726
81,81,81,0,-101.7958271,19.19943884
82,82,82,0,-101.7954919,19.22945375
83,83,83,0,-101.7933184,19.22979624
84,84,84,0,-101.7925677,19.23001174
85,85,85,0,-101.7913009,19.23064402
86,86,86,0,-101.7555392,19.23446483
87,87,87,0,-101.7505191,19.23253285
88,88,88,0,-101.7620581,19.09525806
89,89,89,0,-101.7624409,19.09465441
90,90,90,0,-101.760626,19.09241645
91,91,91,0,-101.7628329,19.08983371
92,92,92,0,-101.7646739,19.09369473
93,93,93,0,-101.7639687,19.09619003
94,94,94,0,-101.7584195,19.09712104
95,95,95,0,-101.7581326,19.09859952
96,96,96,0,-101.7599592,19.09949861
97,97,97,0,-101.758749,19.10033452
98,98,98,0,-101.7577596,19.10023186
99,99,99,0,-101.7568139,19.09950779
100,100,100,0,-101.7569115,19.10426055
101,101,101,0,-101.7646126,19.10633585
102,102,102,0,-101.7470796,19.09437701
103,103,103,0,-101.7479361,19.09549599
104,104,104,0,-101.7509404,19.10025207
105,105,105,0,-101.7522058,19.10067015
106,106,106,0,-101.7537965,19.10101852
107,107,107,0,-101.7561073,19.08867237
108,108,108,0,-101.7544638,19.08608943
109,109,109,0,-101.7580691,19.07968376
110,110,110,0,-101.7635973,19.07353952
111,111,111,0,-101.7641169,19.07360606
112,112,112,0,-101.762467,19.07236872
113,113,113,0,-101.7632623,19.07312853
114,114,114,0,-101.7618897,19.07259873
115,115,115,0,-101.7625715,19.07395912
116,116,116,0,-101.759773,19.07142399
117,117,117,0,-101.7630424,19.07140459
118,118,118,0,-101.7637138,19.06893295
119,119,119,0,-101.7645983,19.068607
120,120,120,0,-101.7658231,19.06981615
121,121,121,0,-101.7648454,19.06756084
122,122,122,0,-101.7649426,19.06739779
123,123,123,0,-101.7652628,19.06718911
124,124,124,0,-101.7663459,19.0669679
125,125,125,0,-101.7677914,19.06751333
126,126,126,0,-101.7670392,19.06832657
127,127,127,0,-101.7700491,19.07290866
128,128,128,0,-101.7719684,19.07416315
129,129,129,0,-101.7730221,19.07308598
130,130,130,0,-101.7704102,19.07489642
131,131,131,0,-101.7637255,19.06371878
132,132,132,0,-101.7638942,19.06404382
133,133,133,0,-101.7867105,19.03633248
134,134,134,0,-101.7930319,19.04043814
135,135,135,0,-101.8051251,19.04213474
136,136,136,0,-101.8040962,19.04173863
137,137,137,0,-101.8021324,19.05141185
138,138,138,0,-101.8018545,19.05153242
139,139,139,0,-101.8025791,19.05169065
140,140,140,0,-101.7941915,19.05763711
141,141,141,0,-101.7933414,19.0536859
142,142,142,0,-101.7846599,19.04979
143,143,143,0,-101.7810318,19.04428408
144,144,144,0,-101.7677079,19.05591455
145,145,145,0,-101.7678517,19.05497331
146,146,146,0,-101.7679741,19.05559456
147,147,147,0,-101.7730548,19.0564415
148,148,148,0,-101.7690585,19.06032224
149,149,149,0,-101.7699505,19.08542045
150,150,150,0,-102.2222936,19.36100459
151,151,151,0,-102.2232659,19.35564271
152,152,152,0,-102.2346329,19.35255255
153,153,153,0,-102.2420977,19.34848967
154,154,154,0,-102.2259503,19.34345203
155,155,155,0,-102.2174279,19.33728267
156,156,156,0,-102.21485,19.3359038
157,157,157,0,-102.2153988,19.3305132
158,158,158,0,-102.2162753,19.32817263
159,159,159,0,-102.2116968,19.32789869
160,160,160,0,-102.2174647,19.32277287
161,161,161,0,-102.2091171,19.32142149
162,162,162,0,-102.208937,19.32114734
163,163,163,0,-102.2080927,19.32080736
164,164,164,0,-102.2057892,19.32037014
165,165,165,0,-102.209022,19.31299723
166,166,166,0,-102.2128112,19.31152728
167,167,167,0,-102.2101609,19.30426932
168,168,168,0,-102.2107474,19.30092076
169,169,169,0,-102.2130075,19.29377193
170,170,170,0,-102.2126298,19.29364552
171,171,171,0,-102.2121296,19.2934012
172,172,172,0,-102.2116532,19.29291719
173,173,173,0,-102.2116179,19.29320513
174,174,174,0,-102.2188728,19.29477285
175,175,175,0,-102.2173207,19.295153
176,176,176,0,-102.2168616,19.28932279
177,177,177,0,-102.2194598,19.29026146
178,178,178,0,-102.2220791,19.2900582
179,179,179,0,-102.2278413,19.29414243
180,180,180,0,-102.2283684,19.29453352
181,181,181,0,-102.2313269,19.29276626
182,182,182,0,-102.2302761,19.29346086
183,183,183,0,-102.230612,19.29412802
184,184,184,0,-102.2315008,19.29391268
185,185,185,0,-102.2349027,19.29556385
186,186,186,0,-102.2353235,19.29620252
187,187,187,0,-102.2377827,19.29264983
188,188,188,0,-102.2380028,19.29331808
189,189,189,0,-102.2397086,19.29556734
190,190,190,0,-102.2414418,19.2904239
191,191,191,0,-102.2390528,19.28131433
192,192,192,0,-102.240435,19.28211331
193,193,193,0,-102.2409978,19.28289605
194,194,194,0,-102.2328213,19.28786591
195,195,195,0,-102.2326591,19.29049248
196,196,196,0,-102.2424787,19.27602595
197,197,197,0,-102.2434904,19.27695337
198,198,198,0,-102.2418384,19.27707369
199,199,199,0,-101.7918813,19.29612847
200,200,200,0,-101.7904252,19.29592282
201,201,201,0,-101.7868291,19.29582398
202,202,202,0,-101.7825987,19.29629627
203,203,203,0,-101.7957628,19.29900139
204,204,204,0,-101.7964792,19.2994031
205,205,205,0,-101.7990835,19.30205325
206,206,206,0,-101.797552,19.3050513
207,207,207,0,-101.7961875,19.30022861
208,208,208,0,-101.7950634,19.30262571
209,209,209,0,-101.7936519,19.30272397
210,210,210,0,-101.7875053,19.30331203
211,211,211,0,-101.7856543,19.30376042
212,212,212,0,-101.7786904,19.29965324
213,213,213,0,-101.7764144,19.30114438
214,214,214,0,-101.7739165,19.30305382
215,215,215,0,-101.7711421,19.3031348
216,216,216,0,-101.7708077,19.30242979
217,217,217,0,-101.7705073,19.302218
218,218,218,0,-101.7703409,19.30254617
219,219,219,0,-101.7724093,19.3017478
220,220,220,0,-101.77423,19.301744
221,221,221,0,-101.7731996,19.29885481
222,222,222,0,-101.783859,19.28270209
223,223,223,0,-101.774886,19.28575279
224,224,224,0,-101.7749502,19.28619639
225,225,225,0,-101.7710772,19.28378429
226,226,226,0,-101.7688007,19.28102059
227,227,227,0,-101.7683685,19.28024044
228,228,228,0,-101.7673198,19.27994393
229,229,229,0,-101.7680004,19.27932166
230,230,230,0,-101.7676431,19.2793983
231,231,231,0,-101.7671097,19.27938418
232,232,232,0,-101.7692177,19.29342583
233,233,233,0,-101.7681042,19.29348646
234,234,234,0,-101.7693816,19.29543498
235,235,235,0,-101.7693146,19.29627296
236,236,236,0,-101.7673144,19.2961161
237,237,237,0,-101.7663354,19.29555806
238,238,238,0,-101.7655353,19.29543287
239,239,239,0,-101.7649217,19.29523947
240,240,240,0,-101.7665704,19.29502426
241,241,241,0,-101.7639605,19.29408786
242,242,242,0,-101.7640659,19.29457754
243,243,243,0,-101.7605871,19.29415896
244,244,244,0,-101.7602897,19.29385517
245,245,245,0,-101.7587129,19.29504071
246,246,246,0,-101.7583952,19.29442305
247,247,247,0,-101.7546764,19.29536033
248,248,248,0,-101.7541521,19.29557898
249,249,249,0,-101.6839412,19.16312209
250,250,250,0,-101.6851832,19.16535274
251,251,251,0,-101.6838271,19.16491704
252,252,252,0,-101.6824009,19.1661367
253,253,253,0,-101.6849128,19.16170503
254,254,254,0,-101.6815393,19.15973209
255,255,255,0,-101.6825288,19.16109692
256,256,256,0,-101.6849169,19.15884316
257,257,257,0,-101.6868619,19.15763043
258,258,258,0,-101.6865299,19.1586015
259,259,259,0,-101.8084986,19.17772285
260,260,260,0,-101.8087637,19.17775605
261,261,261,0,-101.809018,19.17774558
262,262,262,0,-101.7954517,19.17888405
263,263,263,0,-101.7935748,19.17718532
264,264,264,0,-101.7928648,19.17746717
265,265,265,0,-101.7929621,19.17790262
266,266,266,0,-101.7929271,19.17501525
267,267,267,0,-101.7930785,19.17575712
268,268,268,0,-101.7912992,19.17793138
269,269,269,0,-101.7902706,19.1840659
270,270,270,0,-101.7910707,19.18482236
271,271,271,0,-101.7882277,19.18381993
272,272,272,0,-101.7879272,19.18367131
273,273,273,0,-101.778366,19.16633991
274,274,274,0,-101.7794994,19.16889299
275,275,275,0,-101.7833314,19.17128428
276,276,276,0,-101.774917,19.17344159
277,277,277,0,-101.7783285,19.1736122
278,278,278,0,-101.7791735,19.17326837
279,279,279,0,-101.7809474,19.17611073
280,280,280,0,-101.7839667,19.17666664
281,281,281,0,-101.7856301,19.18161493
282,282,282,0,-101.8525313,19.1888312
283,283,283,0,-101.8645025,19.15480517
284,284,284,0,-101.8655395,19.19394144
285,285,285,0,-101.8647104,19.19439728
286,286,286,0,-101.8669381,19.19655281
287,287,287,0,-101.8641611,19.19601473
288,288,288,0,-101.8667681,19.20326935
289,289,289,0,-101.8681466,19.20401162
290,290,290,0,-101.8676582,19.20429775
291,291,291,0,-101.867234,19.20425107
292,292,292,0,-101.8674829,19.20415756
293,293,293,0,-101.8673527,19.204605
294,294,294,0,-101.8671125,19.2045902
295,295,295,0,-101.8670659,19.20430225
296,296,296,0,-101.8669555,19.20436447
297,297,297,0,-101.8668431,19.20443313
298,298,298,0,-101.8669079,19.20462856
299,299,299,0,-101.8665848,19.20542037
300,300,300,0,-101.8660868,19.20574305
301,301,301,0,-101.8219096,19.28288451
302,302,302,0,-101.8425487,19.29503489
303,303,303,0,-101.8406766,19.29627696
304,304,304,0,-101.840566,19.29656613
305,305,305,0,-101.8245266,19.31319147
306,306,306,0,-101.8246188,19.31373627
307,307,307,0,-101.8240933,19.31517273
308,308,308,0,-101.8223242,19.31905642
309,309,309,0,-101.7996941,19.32244522
310,310,310,0,-101.7991103,19.32226178
311,311,311,0,-101.7985469,19.31397533
312,312,312,0,-101.8006426,19.30948583
313,313,313,0,-101.7950713,19.30621637
314,314,314,0,-101.792973,19.30681931
315,315,315,0,-101.7928366,19.30717708
316,316,316,0,-101.7913929,19.30790676
317,317,317,0,-101.7816912,19.31103
318,318,318,0,-101.7752292,19.31267548
319,319,319,0,-101.7747044,19.31638228
320,320,320,0,-101.7754304,19.31656812
321,321,321,0,-101.7770496,19.31694591
322,322,322,0,-101.777059,19.31713755
323,323,323,0,-101.7798765,19.31917884
324,324,324,0,-101.7768938,19.3192655
325,325,325,0,-101.7766736,19.3206604
326,326,326,0,-101.7763115,19.32074917
327,327,327,0,-101.7762855,19.32005402
328,328,328,0,-101.775111,19.32022979
329,329,329,0,-101.7750961,19.31847166
330,330,330,0,-101.7759594,19.31900249
331,331,331,0,-101.7745799,19.32039112
332,332,332,0,-101.7736096,19.32017494
333,333,333,0,-101.7738041,19.32078572
334,334,334,0,-101.7732396,19.32018193
335,335,335,0,-101.7729504,19.32066738
336,336,336,0,-101.7738173,19.32133177
337,337,337,0,-101.7741997,19.32102465
338,338,338,0,-101.7745215,19.32206355
339,339,339,0,-101.7735766,19.32280564
340,340,340,0,-101.7610125,19.3266906
341,341,341,0,-101.76244,19.3268043
342,342,342,0,-101.7645236,19.32709229
343,343,343,0,-101.763986,19.32956676
344,344,344,0,-101.7590094,19.33126331
345,345,345,0,-101.759276,19.33121644
346,346,346,0,-101.7595485,19.33115871
347,347,347,0,-101.7598593,19.33103662
348,348,348,0,-101.7610543,19.33037517
349,349,349,0,-101.7614091,19.33033477
350,350,350,0,-101.7602122,19.33105931
351,351,351,0,-101.9413049,19.37165178
352,352,352,0,-101.9895867,19.32940438
353,353,353,0,-101.9906731,19.33437984
354,354,354,0,-101.9769122,19.32556264
355,355,355,0,-101.9941211,19.31343921
356,356,356,0,-101.9945549,19.31310899
357,357,357,0,-102.2405368,18.92371261
358,358,358,0,-102.2402379,18.92576785
359,359,359,0,-101.7404933,19.20585104
360,360,360,0,-101.7379792,19.20749727
361,361,361,0,-101.7418554,19.20815451
362,362,362,0,-101.7368372,19.20842138
363,363,363,0,-101.74057,19.20998207
364,364,364,0,-101.7437586,19.21049771
365,365,365,0,-101.7527769,19.21160959
366,366,366,0,-101.7193516,19.25587456
367,367,367,0,-101.7159314,19.26196907
368,368,368,0,-101.7185977,19.25918123
369,369,369,0,-101.6806742,19.2882418
370,370,370,0,-101.6819967,19.2859094
371,371,371,0,-102.0879309,19.36018591
372,372,372,0,-102.087249,19.37702193
373,373,373,0,-102.1057986,19.37161358
374,374,374,0,-101.6712295,19.24285471
375,375,375,0,-101.6782968,19.22976535
376,376,376,0,-101.6663914,19.21457734
377,377,377,0,-101.6669851,19.2041136
378,378,378,0,-101.6654437,19.20115047
379,379,379,0,-101.6655117,19.2001743
380,380,380,0,-101.6713998,19.20139204
381,381,381,0,-101.6844113,19.20450409
382,382,382,0,-101.6848127,19.20282019
383,383,383,0,-101.6905125,19.22890815
384,384,384,0,-101.6942168,19.24239907
385,385,385,0,-101.6930646,19.24277089
386,386,386,0,-101.7064675,19.19261445
387,387,387,0,-101.7036696,19.19175449
388,388,388,0,-101.6963278,19.20141441
389,389,389,0,-101.6982351,19.20055507
390,390,390,0,-101.7001643,19.21825408
391,391,391,0,-101.6079272,19.22527987
392,392,392,0,-101.6064948,19.22781846
393,393,393,0,-101.6560813,19.20085543
394,394,394,0,-101.6865139,19.25684394
395,395,395,0,-101.6808016,19.25344036
396,396,396,0,-101.6817249,19.25221123
397,397,397,0,-101.6956617,19.27104737
398,398,398,0,-101.7003076,19.27720769
399,399,399,0,-101.6994635,19.28035545
400,400,400,0,-101.7423096,19.36585901
401,401,401,0,-101.7112349,19.34393884
402,402,402,0,-101.7058211,19.34182027
403,403,403,0,-101.6960298,19.28619201
404,404,404,0,-101.7194065,19.28144996
405,405,405,0,-101.7275046,19.27243934
406,406,406,0,-101.7402948,19.28370762
407,407,407,0,-101.6946574,19.30742227
408,408,408,0,-101.6559046,19.14593372
409,409,409,0,-101.6362026,19.32745217
410,410,410,0,-101.6562323,19.28110724
411,411,411,0,-101.5683489,19.2538173
412,412,412,0,-101.6320838,19.30055625
413,413,413,0,-101.6359559,19.3483338
414,414,414,0,-101.6738356,19.25744722
415,415,415,0,-101.7468177,19.16011087
416,416,416,0,-101.7555885,19.27378235
417,417,417,0,-101.7002355,19.29415502
418,418,418,0,-101.7538684,19.33563473
419,420,420,0,-101.6867108,19.29909172
420,421,421,0,-101.7288681,19.31467094
421,422,422,0,-101.72869,19.31474615
422,423,423,0,-101.7447305,19.36256046
423,424,424,0,-101.7217862,19.32534962
424,425,425,0,-101.7229012,19.32806373
425,427,427,0,-101.7530213,19.31491909
426,428,428,0,-101.7313423,19.32085791
427,429,429,0,-101.8761512,19.36472761
428,430,430,0,-101.874518,19.36010429
429,431,431,0,-101.8746572,19.36074739
430,432,432,0,-101.8613228,19.35873736
431,433,433,0,-101.8514274,19.35589396
432,434,434,0,-101.8534921,19.35914679
433,435,435,0,-101.8554941,19.35841324
434,436,436,0,-101.8555792,19.36089623
435,437,437,0,-101.8565835,19.36171718
436,438,438,0,-101.8548642,19.3619975
437,439,439,0,-101.8557589,19.36177303
438,440,440,0,-101.8503735,19.36000163
439,441,441,0,-101.8500368,19.36011963
440,442,442,0,-101.8587211,19.36227087
441,443,443,0,-101.8559439,19.36345154
442,444,444,0,-101.8452066,19.35689753
443,445,445,0,-101.8460166,19.35700347
444,446,446,0,-101.8444338,19.35777788
445,447,447,0,-101.8477306,19.35916031
446,448,448,0,-101.847336,19.35906568
447,449,449,0,-101.8396085,19.35857796
448,450,450,0,-101.8360703,19.36148976
449,451,451,0,-101.8348867,19.3616377
450,452,452,0,-101.8289036,19.35584864
451,453,453,0,-101.8298872,19.36202608
452,454,454,0,-101.8297751,19.36434883
453,455,455,0,-101.8228356,19.3634528
454,456,456,0,-101.8216952,19.36506212
455,457,457,0,-101.8184687,19.36579996
456,458,458,0,-101.8183269,19.36370908
457,459,459,0,-101.8175354,19.362964
458,460,460,0,-101.8111401,19.36581496
459,461,461,0,-101.7816805,19.36854452
460,462,462,0,-101.7815905,19.36649933
461,463,463,0,-101.7768163,19.36609965
462,464,464,0,-101.7551618,19.36678581
463,465,465,0,-101.7508132,19.36720768
464,466,466,0,-101.8139342,19.36222648
465,467,467,0,-101.8085376,19.36305624
466,468,468,0,-101.8085425,19.36399901
467,469,469,0,-101.8021714,19.36434042
468,470,470,0,-101.8018763,19.36346415
469,471,471,0,-101.8019128,19.36374067
470,472,472,0,-101.7999954,19.36337112
471,473,473,0,-101.7994499,19.36472132
472,474,474,0,-101.7985753,19.36426912
473,475,475,0,-101.7959641,19.36073287
474,476,476,0,-101.7841458,19.34506701
475,477,477,0,-101.7883,19.35315004
476,478,478,0,-102.1109216,19.10792973
477,479,479,0,-102.1067155,19.10737099
478,480,480,0,-102.1041679,19.10727438
479,481,481,0,-102.1018247,19.10431703
480,482,482,0,-102.1028806,19.10250615
481,483,483,0,-102.1003916,19.10276567
482,484,484,0,-102.1012987,19.10132462
483,485,485,0,-102.1000137,19.09606657
484,486,486,0,-101.8532559,19.47226927
485,487,487,0,-101.8592283,19.46575315
486,488,488,0,-101.8597394,19.46429555
487,489,489,0,-101.8612684,19.45460597
488,490,490,0,-101.8631835,19.45651063
489,491,491,0,-101.8165326,19.40894555
490,492,492,0,-101.8705007,19.49310081
491,493,493,0,-101.8703132,19.49286814
492,494,494,0,-101.8663394,19.49471037
493,495,495,0,-101.8658904,19.49488352
494,496,496,0,-101.8680124,19.4957717
495,497,497,0,-101.8628458,19.49801453
496,498,498,0,-101.8593085,19.49392519
497,499,499,0,-101.8622709,19.48962346
498,500,500,0,-101.8641562,19.48515521
499,501,501,0,-101.8632924,19.48622093
500,502,502,0,-101.8647309,19.4832745
501,503,503,0,-101.866813,19.49053857
502,504,504,0,-101.8678287,19.48901197
503,505,505,0,-101.8698686,19.48955825
504,506,506,0,-101.8698917,19.4880753
505,507,507,0,-101.8675301,19.49217224
506,508,508,0,-101.8659971,19.4815672
507,509,509,0,-101.868316,19.48214959
508,510,510,0,-101.8673969,19.47756049
509,511,511,0,-101.8722058,19.47613817
510,512,512,0,-101.8716026,19.47748248
511,513,513,0,-101.8710808,19.47786944
512,514,514,0,-101.8724477,19.47488457
513,515,515,0,-101.8400703,19.46873283
514,516,516,0,-101.8428968,19.46928923
515,517,517,0,-101.8412169,19.46550469
516,518,518,0,-101.8767697,19.49117865
517,519,519,0,-101.8772129,19.4278213
518,520,520,0,-101.8716065,19.44143088
519,522,522,0,-101.8410069,19.49030565
520,523,523,0,-102.2636511,19.29318573
521,524,524,0,-102.2632114,19.29709633
522,525,525,0,-102.2641417,19.29516914
523,526,526,0,-102.266865,19.2982448
524,527,527,0,-102.2660392,19.30219608
525,528,528,0,-102.2754874,19.30225195
526,529,529,0,-102.2991295,19.30620993
527,530,530,0,-102.2986048,19.30604234
528,531,531,0,-102.2971382,19.30605334
529,532,532,0,-102.2904808,19.27770655
530,533,533,0,-102.2934873,19.28002365
531,534,534,0,-102.369537,19.22146467
532,535,535,0,-102.3747952,19.22416428
533,536,536,0,-102.3753678,19.22287942
534,537,537,0,-102.3751639,19.22323986
535,538,538,0,-102.3754361,19.22340467
536,539,539,0,-102.3760653,19.22354971
537,540,540,0,-102.3758785,19.22333953
538,541,541,0,-102.3780838,19.22279464
539,542,542,0,-102.3750085,19.21987291
540,543,543,0,-102.3749214,19.22015766
541,544,544,0,-102.3740866,19.22012722
542,545,545,0,-102.3739872,19.22046677
543,546,546,0,-102.3805894,19.22257531
544,547,547,0,-102.3825387,19.22116715
545,548,548,0,-102.3818615,19.22200088
546,549,549,0,-102.3858456,19.22066596
547,550,550,0,-102.3854735,19.21966726
548,551,551,0,-102.3842466,19.22389061
549,552,552,0,-102.3873315,19.2234496
550,553,553,0,-102.3896459,19.22553705
551,554,554,0,-102.3892746,19.22977091
552,555,555,0,-102.3831867,19.22899889
553,556,556,0,-102.3805016,19.2294562
554,557,557,0,-102.3836486,19.23070418
555,558,558,0,-102.3855131,19.2319195
556,559,559,0,-102.3823994,19.23101594
557,560,560,0,-102.3811126,19.23084213
558,561,561,0,-102.3797648,19.23235032
559,562,562,0,-102.379647,19.23900733
560,563,563,0,-102.3735241,19.23823978
561,564,564,0,-102.3730003,19.23649868
562,565,565,0,-102.364227,19.23783743
563,566,566,0,-102.3642138,19.23729167
564,567,567,0,-101.8586365,19.38030292
565,568,568,0,-101.8551192,19.38030344
566,569,569,0,-101.8495178,19.39106806
567,570,570,0,-101.8417752,19.39476424
568,571,571,0,-102.1095651,19.35959313
569,572,572,0,-102.1049283,19.373988
570,573,573,0,-101.7845213,19.31139545
571,574,574,0,-102.2399094,19.30013457
572,575,575,0,-102.2717262,19.28583663
573,576,576,0,-102.266309,19.31004825
574,577,577,0,-102.265725,19.30972764
575,578,578,0,-102.2605652,19.30856253
576,579,579,0,-102.2586014,19.31923981
577,580,580,0,-102.2714434,19.32278217
578,581,581,0,-102.2807589,19.31296958
579,582,582,0,-102.3211391,19.26283363
580,584,584,0,-101.8949067,19.41925776
581,585,585,0,-101.7967047,19.38487785
582,586,586,0,-102.1129421,19.37354814
583,587,587,0,-102.1132606,19.36630156
584,588,588,0,-102.1187553,19.36521454
585,589,589,0,-102.1171992,19.35614614
586,590,590,0,-102.1225374,19.35681685
587,591,591,0,-102.124905,19.35756222
588,592,592,0,-102.124705,19.36153962
589,593,593,0,-102.141746,19.41060868
590,594,594,0,-101.7866498,19.04254301
591,599,599,0,-102.0847433,19.36375358
592,600,600,0,-102.0923476,19.34951723
593,601,601,0,-102.1293684,19.37904711
594,602,602,0,-102.1291496,19.37972545
595,603,603,0,-102.1287526,19.37870974
596,604,604,0,-102.1351742,19.38346886
597,607,607,0,-102.0955102,19.39047391
598,608,608,0,-102.1455322,19.36908241
599,609,609,0,-101.6920868,18.96233586
600,610,610,0,-101.6919586,18.96253197
601,611,611,0,-101.6933498,18.96271511
602,612,612,0,-101.6934744,18.9627982
603,613,613,0,-101.6916945,18.96492782
604,614,614,0,-101.683713,18.96510711
605,615,615,0,-101.6803024,18.96643003
606,616,616,0,-101.6882119,18.96844593
607,617,617,0,-101.6919395,18.97011105
608,618,618,0,-101.6888647,18.97113033
609,619,619,0,-101.6949047,18.97291725
610,620,620,0,-101.6937884,18.97315385
611,621,621,0,-101.7037875,18.97260892
612,622,622,0,-101.707077,18.97863438
613,623,623,0,-101.7067694,18.98672969
614,624,624,0,-101.6846733,18.98400516
615,625,625,0,-101.6833667,18.98667266
616,626,626,0,-101.6875291,18.97795299
617,627,627,0,-101.6880068,18.97775101
618,628,628,0,-101.6703159,18.97748034
619,629,629,0,-101.6693078,18.97707473
620,630,630,0,-101.6639273,18.97226275
621,631,631,0,-101.6519788,18.9834469
622,632,632,0,-101.6509574,18.98754198
623,633,633,0,-101.650955,18.98940354
624,634,634,0,-101.6402601,18.97526261
625,635,635,0,-101.6605769,18.99093828
626,636,636,0,-101.6605357,18.98862329
627,637,637,0,-101.6705921,18.98648205
628,638,638,0,-101.6730459,18.98600871
629,639,639,0,-101.6731433,18.98674654
630,640,640,0,-101.682417,18.98578011
631,641,641,0,-101.6862037,18.98597252
632,642,642,0,-101.6827032,18.98474025
633,643,643,0,-101.677744,18.9790043
634,644,644,0,-101.6773035,18.97920103
635,645,645,0,-101.6770223,18.97911212
636,646,646,0,-101.7093276,19.00088079
637,647,647,0,-101.7176313,19.00222485
638,648,648,0,-101.7334519,18.99904561
639,649,649,0,-101.7055884,18.99749623
640,650,650,0,-101.7046292,18.99929312
641,651,651,0,-101.7520642,19.0229465
642,652,652,0,-101.7535478,19.02410596
643,653,653,0,-101.7559782,19.02641824
644,654,654,0,-101.7073303,19.02396211
645,655,655,0,-101.7084172,19.02530739
646,656,656,0,-101.7046206,19.03360194
647,657,657,0,-101.7028178,19.03646523
648,658,658,0,-101.6964757,19.03801198
649,659,659,0,-101.6929565,19.03690328
650,660,660,0,-101.6899495,19.0342359
651,661,661,0,-101.6884637,19.03541927
652,662,662,0,-101.6881919,19.03354044
653,663,663,0,-101.6855512,19.03656729
654,664,664,0,-101.6867566,19.02489265
655,665,665,0,-101.6846631,19.02424571
656,666,666,0,-101.6831285,19.02667053
657,667,667,0,-101.6797267,19.02459038
658,668,668,0,-101.6796892,19.02606883
659,669,669,0,-101.6806832,19.02727332
660,670,670,0,-101.6820824,19.02863125
661,671,671,0,-101.6816147,19.0293814
662,672,672,0,-101.6813741,19.02971351
663,673,673,0,-101.6857349,19.03024206
664,674,674,0,-101.6844456,19.02226864
665,675,675,0,-101.6866443,19.0205638
666,676,676,0,-101.689329,19.01854443
667,677,677,0,-101.6899263,19.01967203
668,678,678,0,-101.6889899,19.01648179
669,679,679,0,-101.6877255,19.01796532
670,680,680,0,-101.6924928,19.01395439
671,681,681,0,-101.6697222,19.02850556
672,682,682,0,-101.6672817,19.02803236
673,683,683,0,-101.6673034,19.0291174
674,684,684,0,-101.6591167,19.02914998
675,685,685,0,-101.6600339,19.02783399
676,686,686,0,-101.6538606,19.02713543
677,687,687,0,-101.6567521,19.02444332
678,688,688,0,-101.6545267,19.02368401
679,689,689,0,-101.6538166,19.02361393
680,690,690,0,-101.6561475,19.02281525
681,691,691,0,-101.6515143,19.02334283
682,692,692,0,-101.6529219,19.0221485
683,693,693,0,-101.6502997,19.01691045
684,694,694,0,-101.6510279,19.01604471
685,695,695,0,-101.6528967,19.01640342
686,696,696,0,-101.6511608,19.01438112
687,697,697,0,-101.6619892,19.01153951
688,698,698,0,-101.6608563,19.01021145
689,699,699,0,-101.6452049,19.00599277
690,700,700,0,-101.647444,19.00572762
691,701,701,0,-101.6494497,19.00640909
692,702,702,0,-101.6517238,19.00518228
693,703,703,0,-101.6505005,19.00442064
694,704,704,0,-101.6446199,19.02302594
695,705,705,0,-101.6447001,19.023528
696,706,706,0,-101.647316,19.02562857
697,707,707,0,-101.6462519,19.02501789
698,708,708,0,-101.6440958,19.02529665
699,709,709,0,-101.6440111,19.02399346
700,710,710,0,-101.6413136,19.02344026
701,711,711,0,-101.6436229,19.02557546
702,712,712,0,-101.6438286,19.02576453
703,713,713,0,-101.6422667,19.02642583
704,714,714,0,-101.6416549,19.02654765
705,715,715,0,-101.6422696,19.02673556
706,716,716,0,-101.642404,19.02680858
707,717,717,0,-101.6441374,19.02637491
708,718,718,0,-101.6429352,19.02738325
709,719,719,0,-101.6422904,19.02766396
710,720,720,0,-101.6439378,19.02821056
711,721,721,0,-101.6397547,19.02732985
712,722,722,0,-101.6416659,19.02836916
713,723,723,0,-101.6448276,19.02835531
714,724,724,0,-101.6470137,19.02804297
715,725,725,0,-101.647747,19.02972305
716,726,726,0,-101.6463219,19.02887296
717,727,727,0,-101.6464906,19.0294746
718,728,728,0,-101.6438422,19.02998346
719,729,729,0,-101.6418715,19.03082749
720,730,730,0,-101.6400114,19.02856607
721,731,731,0,-101.6377034,19.02961512
722,732,732,0,-101.6370449,19.02963342
723,733,733,0,-101.6362817,19.02968447
724,734,734,0,-101.635684,19.029409
725,735,735,0,-101.634606,19.02976615
726,736,736,0,-101.635401,19.03083593
727,737,737,0,-101.6325001,19.03061655
728,738,738,0,-101.6339851,19.03203223
729,739,739,0,-101.635821,19.03263407
730,740,740,0,-101.6363368,19.03232361
731,741,741,0,-101.6366155,19.03174455
732,742,742,0,-101.6377912,19.03170067
733,743,743,0,-101.6392423,19.03152823
734,744,744,0,-101.6378399,19.03222738
735,745,745,0,-101.6371139,19.03253847
736,746,746,0,-101.6387348,19.03252043
737,747,747,0,-101.6396896,19.03221895
738,748,748,0,-101.6394602,19.03276956
739,749,749,0,-101.6409233,19.031299
740,750,750,0,-101.6421657,19.03173148
741,751,751,0,-101.6417599,19.03267928
742,752,752,0,-101.6422505,19.03252974
743,753,753,0,-101.6352705,19.027772
744,754,754,0,-101.6361098,19.02784211
745,755,755,0,-101.6520732,19.02727595
746,756,756,0,-101.6519853,19.02884182
747,757,757,0,-101.6504178,19.02947397
748,758,758,0,-101.6662317,19.03051629
749,759,759,0,-101.6661553,19.03192786
750,760,760,0,-101.664031,19.03167421
751,761,761,0,-101.6660175,19.03938364
752,762,762,0,-101.6648134,19.0388141
753,763,763,0,-101.6674572,19.0412963
754,764,764,0,-101.6690351,19.04078694
755,765,765,0,-101.6693321,19.04096315
756,766,766,0,-101.6671622,19.03479801
757,767,767,0,-101.6670923,19.03309051
758,768,768,0,-101.6470387,19.03060749
759,769,769,0,-101.6460934,19.03176767
760,770,770,0,-101.6464031,19.03212506
761,771,771,0,-101.6432386,19.03209715
762,772,772,0,-101.6450395,19.03238836
763,773,773,0,-101.6470813,19.03321342
764,774,774,0,-101.646817,19.03368413
765,775,775,0,-101.6461907,19.03371271
766,776,776,0,-101.6458161,19.03362092
767,777,777,0,-101.6457293,19.03392706
768,778,778,0,-101.6486207,19.03376848
769,779,779,0,-101.6467713,19.03410591
770,780,780,0,-101.6454991,19.03418313
771,781,781,0,-101.6471343,19.0343142
772,782,782,0,-101.6461089,19.03498569
773,783,783,0,-101.6451734,19.03479681
774,784,784,0,-101.6443544,19.03435446
775,785,785,0,-101.6441329,19.03478323
776,786,786,0,-101.6437511,19.03479132
777,787,787,0,-101.6484881,19.03233076
778,788,788,0,-101.6493218,19.03272817
779,789,789,0,-101.6495288,19.03042791
780,790,790,0,-101.6483467,19.03083226
781,791,791,0,-101.6482205,19.03139248
782,792,792,0,-101.6517492,19.03125305
783,793,793,0,-101.6442075,19.03541283
784,794,794,0,-101.6409878,19.0345869
785,795,795,0,-101.6417038,19.03523624
786,796,796,0,-101.6392418,19.03425805
787,797,797,0,-101.640763,19.03538983
788,798,798,0,-101.6428473,19.03654776
789,799,799,0,-101.6408652,19.03666872
790,800,800,0,-101.6422035,19.0370292
791,801,801,0,-101.6414317,19.03722113
792,802,802,0,-101.6405419,19.03726327
793,803,803,0,-101.6401704,19.03771984
794,804,804,0,-101.6379097,19.03454628
795,805,805,0,-101.6377269,19.03807411
796,806,806,0,-101.6378111,19.03543653
797,807,807,0,-101.6369429,19.03591123
798,808,808,0,-101.6360803,19.03631116
799,809,809,0,-101.6367332,19.03665005
800,810,810,0,-101.6358543,19.03518211
801,811,811,0,-101.6349039,19.03497356
802,812,812,0,-101.6342009,19.03598159
803,813,813,0,-101.6393888,19.03663966
804,814,814,0,-101.6386063,19.03699304
805,815,815,0,-101.6399504,19.03545124
806,816,816,0,-101.6316571,19.03379448
807,817,817,0,-101.6309313,19.03392318
808,818,818,0,-101.6299032,19.03522027
809,819,819,0,-101.630421,19.03672213
810,820,820,0,-101.6287705,19.03200255
811,821,821,0,-101.6276259,19.03301901
812,822,822,0,-101.626985,19.03324004
813,823,823,0,-101.6245609,19.0331663
814,824,824,0,-101.6199415,19.0338542
815,825,825,0,-101.6198103,19.03591535
816,826,826,0,-101.6192478,19.03656183
817,827,827,0,-101.6191232,19.03706921
818,828,828,0,-101.616418,19.03794269
819,829,829,0,-101.6285566,19.03928288
820,830,830,0,-101.6829238,19.03547509
821,831,831,0,-101.701635,19.04661794
822,832,832,0,-101.6981622,19.04387286
823,833,833,0,-101.7017925,19.04043817
824,834,834,0,-101.6951442,19.04718496
825,835,835,0,-101.6967954,19.05063618
826,836,836,0,-101.699064,19.05495115
827,837,837,0,-101.6981774,19.0565522
828,838,838,0,-101.6962981,19.05674285
829,839,839,0,-101.7034237,19.05660094
830,840,840,0,-101.699262,19.05845758
831,841,841,0,-101.7076519,19.06445886
832,842,842,0,-101.7090389,19.06382597
833,843,843,0,-101.7136965,19.06639614
834,844,844,0,-101.7130041,19.06807289
835,845,845,0,-101.7184968,19.07272794
836,846,846,0,-101.7175976,19.07267224
837,847,847,0,-101.719396,19.07635894
838,848,848,0,-101.7144963,19.07749295
839,849,849,0,-101.7140324,19.07978886
840,850,850,0,-101.7076655,19.07615656
841,851,851,0,-101.7075681,19.0813493
842,852,852,0,-101.7041066,19.07994743
843,853,853,0,-101.6981611,19.06772101
844,854,854,0,-101.6903447,19.06690002
845,855,855,0,-101.6946375,19.07520206
846,856,856,0,-101.7059499,19.07349963
847,857,857,0,-101.7052504,19.06843878
848,858,858,0,-101.7432478,19.07039909
849,859,859,0,-101.7432239,19.07185162
850,860,860,0,-101.7403076,19.07191818
851,861,861,0,-101.7384808,19.07165587
852,862,862,0,-101.7366362,19.07419228
853,863,863,0,-101.7402358,19.07522021
854,864,864,0,-101.7350948,19.07712887
855,865,865,0,-101.7384227,19.07619869
856,866,866,0,-101.7389036,19.07899088
857,867,867,0,-101.7401397,19.07976287
858,868,868,0,-101.7416715,19.0805264
859,869,869,0,-101.7408035,19.08154011
860,870,870,0,-101.7404704,19.08131958
861,871,871,0,-101.7330653,19.07727472
862,872,872,0,-101.7329612,19.07896903
863,873,873,0,-101.732432,19.07965779
864,874,874,0,-101.7418615,19.08719337
865,875,875,0,-101.7365317,19.08980856
866,876,876,0,-101.7344581,19.09365697
867,877,877,0,-101.738901,19.09531464
868,878,878,0,-101.7425906,19.09297994
869,879,879,0,-101.7308878,19.09198859
870,880,880,0,-101.7291444,19.09317957
871,881,881,0,-101.7457366,19.10057972
872,882,882,0,-101.7288716,19.09570219
873,883,883,0,-101.7330061,19.09830089
874,884,884,0,-101.7364018,19.10440944
875,885,885,0,-101.729372,19.10189659
876,886,886,0,-101.7198751,19.1040884
877,887,887,0,-101.7208494,19.10076624
878,888,888,0,-101.7268165,19.10245153
879,889,889,0,-101.7209584,19.09891316
880,890,890,0,-101.7144326,19.12061365
881,891,891,0,-101.709973,19.10871849
882,892,892,0,-101.7141005,19.11386684
883,893,893,0,-101.7083679,19.10912129
884,894,894,0,-101.678484,19.09925915
885,895,895,0,-101.6777487,19.09923331
886,896,896,0,-101.6740917,19.09912536
887,897,897,0,-101.6673359,19.09575749
888,898,898,0,-101.6669366,19.09735214
889,899,899,0,-101.6352212,19.0870715
890,900,900,0,-101.6350646,19.08752446
891,901,901,0,-101.6388216,19.09114496
892,902,902,0,-101.6390436,19.08955137
893,903,903,0,-101.6155127,19.04355564
894,904,904,0,-101.6173129,19.04298057
895,905,905,0,-101.6170881,19.0438749
896,906,906,0,-101.6188617,19.04590003
897,907,907,0,-101.6172065,19.04503723
898,908,908,0,-101.6167282,19.04528093
899,909,909,0,-101.615103,19.04553584
900,910,910,0,-101.6163904,19.04442952
901,911,911,0,-101.6232166,19.04608875
902,912,912,0,-101.627559,19.04656653
903,913,913,0,-101.6452773,19.03703979
904,914,914,0,-101.6479465,19.03981806
905,915,915,0,-101.6678304,19.08153207
906,916,916,0,-101.6729771,19.08393486
907,917,917,0,-101.6560102,19.04583521
908,918,918,0,-101.6548713,19.04617945
909,919,919,0,-101.6538395,19.04582729
910,920,920,0,-101.6551105,19.04642917
911,921,921,0,-101.6530044,19.04608536
912,922,922,0,-101.6503645,19.04600141
913,923,923,0,-101.6530983,19.04814249
914,924,924,0,-101.651145,19.04907452
915,925,925,0,-101.6519591,19.04959377
916,926,926,0,-101.6550539,19.04899828
917,927,927,0,-101.6569255,19.04898937
918,928,928,0,-101.6548877,19.04771679
919,929,929,0,-101.6598573,19.04620906
920,930,930,0,-101.661225,19.04366936
921,931,931,0,-101.6618408,19.04492712
922,932,932,0,-101.6604696,19.04505573
923,933,933,0,-101.6615654,19.04777626
924,934,934,0,-101.6601519,19.04741628
925,935,935,0,-101.6624114,19.04727361
926,936,936,0,-101.6849766,19.06797402
927,937,937,0,-101.6787111,19.06839773
928,938,938,0,-101.6799328,19.06738184
929,939,939,0,-101.6782947,19.06628594
930,940,940,0,-101.6782149,19.06676029
931,941,941,0,-101.6841138,19.06651387
932,942,942,0,-101.6826343,19.06621154
933,943,943,0,-101.6811559,19.06602598
934,944,944,0,-101.6798369,19.06582093
935,945,945,0,-101.6362403,19.07524888
936,946,946,0,-101.6137744,19.04850838
937,947,947,0,-101.6145018,19.04852645
938,948,948,0,-101.6138989,19.04757427
939,949,949,0,-101.6127759,19.03654874
940,950,950,0,-101.6138039,19.03575606
941,951,951,0,-101.6386898,19.04114542
942,952,952,0,-101.6388689,19.04082343
943,953,953,0,-101.6394562,19.04053831
944,954,954,0,-101.6409926,19.04145868
945,955,955,0,-101.6418097,19.04125309
946,956,956,0,-101.6422684,19.04169433
947,957,957,0,-101.6431916,19.04219979
948,958,958,0,-101.6419587,19.04350933
949,959,959,0,-101.6429923,19.0430437
950,960,960,0,-101.6501131,19.04308139
951,961,961,0,-101.6497091,19.04508439
952,962,962,0,-101.6462203,19.04700357
953,963,963,0,-101.6442012,19.04689134
954,964,964,0,-101.6446471,19.0466856
955,965,965,0,-101.6432803,19.04667707
956,966,966,0,-101.6434456,19.04790473
957,967,967,0,-101.6427426,19.04735179
958,968,968,0,-101.6434235,19.04717605
959,969,969,0,-101.6420854,19.04743684
960,970,970,0,-101.6416037,19.04699795
961,971,971,0,-101.6457687,19.04844312
962,972,972,0,-101.6472235,19.04813123
963,973,973,0,-101.6411472,19.04697792
964,974,974,0,-101.6445849,19.04569215
965,975,975,0,-101.6453183,19.04546279
966,976,976,0,-101.6453802,19.04568828
967,977,977,0,-101.6493425,19.0516012
968,978,978,0,-101.6514732,19.05183315
969,979,979,0,-101.6510098,19.05587974
970,980,980,0,-101.6499679,19.0551579
971,981,981,0,-101.6496088,19.05536889
972,982,982,0,-101.6227659,19.05175364
973,983,983,0,-101.6189555,19.05143226
974,984,984,0,-101.6185979,19.0505212
975,985,985,0,-101.6179357,19.04775859
976,986,986,0,-101.6192203,19.04790841
977,987,987,0,-101.7446638,19.09734798
978,988,988,0,-101.7356287,19.09632714
979,989,989,0,-101.7355917,19.09695366
980,990,990,0,-101.7350292,19.09948581
981,991,991,0,-101.737188,19.09902373
982,992,992,0,-101.7438918,19.09825629
983,993,993,0,-101.7458508,19.09862942
984,994,994,0,-101.7376615,19.10325973
985,995,995,0,-101.7427547,19.10910289
986,996,996,0,-101.7335937,19.10611632
987,997,997,0,-101.7325879,19.10703688
988,998,998,0,-101.7310729,19.10526007
989,999,999,0,-101.7275891,19.10634643
990,1000,1000,0,-101.7255194,19.10625364
991,1001,1001,0,-101.7293549,19.10778918
992,1002,1002,0,-101.7228224,19.10866277
993,1003,1003,0,-101.7215415,19.10860188
994,1004,1004,0,-101.7399524,19.12510168
995,1005,1005,0,-101.7366018,19.13601305
996,1006,1006,0,-101.7362883,19.14124787
997,1007,1007,0,-101.736618,19.14086671
998,1008,1008,0,-101.73663,19.14130497
999,1009,1009,0,-101.7243432,19.14101469
1000,1010,1010,0,-101.7153438,19.14011351
1001,1011,1011,0,-101.6853069,19.11554732
1002,1012,1012,0,-101.6841131,19.1170076
1003,1013,1013,0,-101.6797934,19.11509223
1004,1014,1014,0,-101.6815319,19.11397315
1005,1015,1015,0,-101.6771368,19.11174859
1006,1016,1016,0,-101.6828546,19.11190766
1007,1017,1017,0,-101.6454772,19.10510477
1008,1018,1018,0,-101.6429926,19.10615753
1009,1019,1019,0,-101.6345011,19.10768979
1010,1020,1020,0,-101.63334,19.10924213
1011,1021,1021,0,-101.6313313,19.10896684
1012,1022,1022,0,-101.6324507,19.10767694
1013,1023,1023,0,-101.6360022,19.10972884
1014,1024,1024,0,-101.6304068,19.11201288
1015,1025,1025,0,-101.6329041,19.11370161
1016,1026,1026,0,-101.6378079,19.11787121
1017,1027,1027,0,-101.6305189,19.11801641
1018,1028,1028,0,-101.6275869,19.11985227
1019,1029,1029,0,-101.6225956,19.12110462
1020,1030,1030,0,-101.6286597,19.12180077
1021,1031,1031,0,-101.6144403,19.12683329
1022,1032,1032,0,-101.6196251,19.12622679
1023,1033,1033,0,-101.6182896,19.11982545
1024,1034,1034,0,-101.6189476,19.11900914
1025,1035,1035,0,-101.6200785,19.11907441
1026,1036,1036,0,-101.6210471,19.12436543
1027,1037,1037,0,-101.6249639,19.12603769
1028,1038,1038,0,-101.6246018,19.12670293
1029,1039,1039,0,-101.6272009,19.13766399
1030,1040,1040,0,-101.6285275,19.13726516
1031,1041,1041,0,-101.6252339,19.13489057
1032,1042,1042,0,-101.6258755,19.13674309
1033,1043,1043,0,-101.6266098,19.13734243
1034,1044,1044,0,-101.6266649,19.13626978
1035,1045,1045,0,-101.6450649,19.11978024
1036,1046,1046,0,-101.6574175,19.11661646
1037,1047,1047,0,-101.6536718,19.11948808
1038,1048,1048,0,-101.6550819,19.12000727
1039,1049,1049,0,-101.6503534,19.11985013
1040,1050,1050,0,-101.6714046,19.11281208
1041,1051,1051,0,-101.6767927,19.12098439
1042,1052,1052,0,-101.6706993,19.11954372
1043,1053,1053,0,-101.6712273,19.11981369
1044,1054,1054,0,-101.6696628,19.12025609
1045,1055,1055,0,-101.6743521,19.12221149
1046,1056,1056,0,-101.6666734,19.1213332
1047,1057,1057,0,-101.6679392,19.12153526
1048,1058,1058,0,-101.6632861,19.12481183
1049,1059,1059,0,-101.659911,19.12541709
1050,1060,1060,0,-101.6579564,19.13057423
1051,1061,1061,0,-101.6641478,19.13162448
1052,1062,1062,0,-101.6706652,19.13541624
1053,1063,1063,0,-101.6681725,19.13473038
1054,1064,1064,0,-101.6672669,19.13538768
1055,1065,1065,0,-101.643828,19.12759467
1056,1066,1066,0,-101.6454491,19.12728222
1057,1067,1067,0,-101.6501378,19.127319
1058,1068,1068,0,-101.6492446,19.12987931
1059,1069,1069,0,-101.6486389,19.09759818
1060,1070,1070,0,-101.6293267,19.06362612
1061,1071,1071,0,-101.635309,19.05924033
1062,1072,1072,0,-101.6195299,19.05016547
1063,1073,1073,0,-101.6213316,19.05079116
1064,1074,1074,0,-101.628624,19.04898051
1065,1075,1075,0,-101.6283858,19.04788987
1066,1076,1076,0,-101.6415199,19.16283909
1067,1077,1077,0,-101.6407328,19.16287571
1068,1078,1078,0,-101.6374515,19.16664315
1069,1079,1079,0,-101.6281426,19.17558637
1070,1080,1080,0,-101.6278067,19.17493135
1071,1081,1081,0,-101.6312664,19.1740341
1072,1082,1082,0,-101.6311924,19.18044647
1073,1083,1083,0,-101.6297785,19.18497926
1074,1084,1084,0,-101.6251103,19.19153934
1075,1085,1085,0,-101.6258964,19.19150596
1076,1086,1086,0,-101.6260009,19.19109779
1077,1087,1087,0,-101.6294698,19.19556797
1078,1088,1088,0,-101.6294682,19.20260239
1079,1089,1089,0,-101.6293102,19.20612143
1080,1090,1090,0,-101.6249269,19.21330974
1081,1091,1091,0,-101.691415,19.23239538
1082,1092,1092,0,-101.6944104,19.23771579
1083,1093,1093,0,-101.6726242,19.24272544
1084,1094,1094,0,-101.7177472,19.2385385
1085,1095,1095,0,-101.7244315,19.24259892
1086,1096,1096,0,-101.7257964,19.24434155
1087,1097,1097,0,-101.7199857,19.2427485
1088,1098,1098,0,-101.7266365,19.24107207
1089,1099,1099,0,-101.7290717,19.2414403
1090,1100,1100,0,-101.731132,19.24038463
1091,1101,1101,0,-101.726486,19.23536865
1092,1102,1102,0,-101.7389281,19.23324881
1093,1103,1103,0,-101.7384018,19.23319234
1094,1104,1104,0,-101.741917,19.23225154
1095,1105,1105,0,-101.7413375,19.23398869
1096,1106,1106,0,-101.7397749,19.23421577
1097,1107,1107,0,-101.7386595,19.23450938
1098,1108,1108,0,-101.7381468,19.23609704
1099,1109,1109,0,-101.7394182,19.23467056
1100,1110,1110,0,-101.7421661,19.23457191
1101,1111,1111,0,-101.7420292,19.23410596
1102,1112,1112,0,-101.7411527,19.22903933
1103,1113,1113,0,-101.7406145,19.2293147
1104,1114,1114,0,-101.7401505,19.22942396
1105,1115,1115,0,-101.7394923,19.22968705
1106,1116,1116,0,-101.7386215,19.22971074
1107,1117,1117,0,-101.7391634,19.22941204
1108,1118,1118,0,-101.7398922,19.22900737
1109,1119,1119,0,-101.7363075,19.22819154
1110,1120,1120,0,-101.7336004,19.22815243
1111,1121,1121,0,-101.7349536,19.22790812
1112,1122,1122,0,-101.7384353,19.22509803
1113,1123,1123,0,-101.737114,19.22551892
1114,1124,1124,0,-101.7384052,19.22551175
1115,1125,1125,0,-101.7388783,19.22287026
1116,1126,1126,0,-101.7408002,19.22209865
1117,1127,1127,0,-101.7393924,19.22183782
1118,1128,1128,0,-101.7413435,19.22244926
1119,1129,1129,0,-101.7415242,19.22267046
1120,1130,1130,0,-101.7391901,19.22064243
1121,1131,1131,0,-101.739869,19.22074537
1122,1132,1132,0,-101.7405736,19.22123333
1123,1133,1133,0,-101.7410387,19.22068748
1124,1134,1134,0,-101.7409644,19.22035826
1125,1135,1135,0,-101.7430307,19.22066337
1126,1136,1136,0,-101.7433305,19.22074701
1127,1137,1137,0,-101.7427366,19.22006414
1128,1138,1138,0,-101.7437771,19.22013221
1129,1139,1139,0,-101.7476576,19.21515485
1130,1140,1140,0,-101.7460638,19.21500328
1131,1141,1141,0,-101.7442048,19.21518245
1132,1142,1142,0,-101.7468738,19.21342709
1133,1143,1143,0,-101.7419474,19.21138323
1134,1144,1144,0,-101.7382164,19.21355498
1135,1145,1145,0,-101.7421464,19.21372193
1136,1146,1146,0,-101.7419235,19.21390872
1137,1147,1147,0,-101.7409844,19.21389156
1138,1148,1148,0,-101.741216,19.21364982
1139,1149,1149,0,-101.7408447,19.21368356
1140,1150,1150,0,-101.7427641,19.21382085
1141,1151,1151,0,-101.7379892,19.21694932
1142,1152,1152,0,-101.7364979,19.21612311
1143,1153,1153,0,-101.7362135,19.21506832
1144,1154,1154,0,-101.7355333,19.2151306
1145,1155,1155,0,-101.7356647,19.21538542
1146,1156,1156,0,-101.7357752,19.21575224
1147,1157,1157,0,-101.7354461,19.21656256
1148,1158,1158,0,-101.7348382,19.21634823
1149,1159,1159,0,-101.7336661,19.21619772
1150,1160,1160,0,-101.7315133,19.21673645
1151,1161,1161,0,-101.7309307,19.21640945
1152,1162,1162,0,-101.730096,19.21622478
1153,1163,1163,0,-101.7297661,19.21633256
1154,1164,1164,0,-101.7295278,19.21636112
1155,1165,1165,0,-101.7293588,19.21642268
1156,1166,1166,0,-101.729153,19.21648398
1157,1167,1167,0,-101.7315444,19.2157752
1158,1168,1168,0,-101.7318844,19.21656887
1159,1169,1169,0,-101.7319255,19.21683348
1160,1170,1170,0,-101.7320833,19.21738247
1161,1171,1171,0,-101.7318485,19.21758573
1162,1172,1172,0,-101.7309678,19.21710435
1163,1173,1173,0,-101.7284375,19.2177025
1164,1174,1174,0,-101.7260675,19.21829319
1165,1175,1175,0,-101.7250275,19.21852036
1166,1176,1176,0,-101.723977,19.2181634
1167,1177,1177,0,-101.7264374,19.21842716
1168,1178,1178,0,-101.7269778,19.21875129
1169,1179,1179,0,-101.7282616,19.21913258
1170,1180,1180,0,-101.725556,19.21983817
1171,1181,1181,0,-101.7258125,19.22008655
1172,1182,1182,0,-101.7217874,19.21924385
1173,1183,1183,0,-101.7237911,19.2193394
1174,1184,1184,0,-101.7215455,19.21990372
1175,1185,1185,0,-101.7231086,19.21990479
1176,1186,1186,0,-101.7290783,19.2209891
1177,1187,1187,0,-101.7264471,19.22057511
1178,1188,1188,0,-101.7269744,19.22064473
1179,1189,1189,0,-101.7273429,19.22024503
1180,1190,1190,0,-101.7270398,19.21981368
1181,1191,1191,0,-101.713215,19.22400358
1182,1192,1192,0,-101.7155275,19.22541153
1183,1193,1193,0,-101.721421,19.22476907
1184,1194,1194,0,-101.7221313,19.22680093
1185,1195,1195,0,-101.7133912,19.22655196
1186,1196,1196,0,-101.7130784,19.22555448
1187,1197,1197,0,-101.7226622,19.2244011
1188,1198,1198,0,-101.7220042,19.22607569
1189,1199,1199,0,-101.7091144,19.23032282
1190,1200,1200,0,-101.7087218,19.23093255
1191,1201,1201,0,-101.7089005,19.22971656
1192,1202,1202,0,-101.7061731,19.22719372
1193,1203,1203,0,-101.7081198,19.2266599
1194,1204,1204,0,-101.7033527,19.23140394
1195,1205,1205,0,-101.7005488,19.2411148
1196,1206,1206,0,-101.7038003,19.23922422
1197,1207,1207,0,-101.6008897,19.22964707
1198,1208,1208,0,-101.7349546,19.29360025
1199,1209,1209,0,-101.7368048,19.29321829
1200,1210,1210,0,-101.7369013,19.29253135
1201,1211,1211,0,-101.7368643,19.29280773
1202,1212,1212,0,-101.7401809,19.29309726
1203,1213,1213,0,-101.7394637,19.29213882
1204,1214,1214,0,-101.7410008,19.29388062
1205,1215,1215,0,-101.7372092,19.29532355
1206,1216,1216,0,-101.7360106,19.2979379
1207,1217,1217,0,-101.7350553,19.2994372
1208,1218,1218,0,-101.7357732,19.29948631
1209,1219,1219,0,-101.7285844,19.30093583
1210,1220,1220,0,-101.7267846,19.30012034
1211,1221,1221,0,-101.7286412,19.29997151
1212,1222,1222,0,-101.7304397,19.299344
1213,1223,1223,0,-101.7289532,19.29923065
1214,1224,1224,0,-101.7269049,19.29906533
1215,1225,1225,0,-101.7261752,19.2986985
1216,1226,1226,0,-101.7243421,19.29795662
1217,1227,1227,0,-101.7242461,19.29804554
1218,1228,1228,0,-101.7217348,19.29821155
1219,1229,1229,0,-101.7230612,19.29859475
1220,1230,1230,0,-101.7000231,19.29361361
1221,1231,1231,0,-101.7023392,19.29353557
1222,1232,1232,0,-101.7036874,19.29552304
1223,1233,1233,0,-101.7058464,19.29550586
1224,1234,1234,0,-101.7118849,19.29573321
1225,1235,1235,0,-101.7126285,19.29299009
1226,1236,1236,0,-101.714221,19.30040922
1227,1237,1237,0,-101.7115277,19.29827517
1228,1238,1238,0,-101.7133893,19.29722131
1229,1239,1239,0,-101.7156174,19.29662593
1230,1240,1240,0,-101.7194671,19.29645937
1231,1241,1241,0,-101.7209393,19.29641786
1232,1242,1242,0,-101.7214161,19.29759274
1233,1243,1243,0,-101.7221711,19.29752197
1234,1244,1244,0,-101.7195162,19.30063545
1235,1245,1245,0,-101.7227224,19.29970166
1236,1246,1246,0,-101.695923,19.28989179
1237,1247,1247,0,-101.6915011,19.28943145
1238,1248,1248,0,-101.6951497,19.28848997
1239,1249,1249,0,-101.694672,19.28836399
1240,1250,1250,0,-101.7009499,19.2892111
1241,1251,1251,0,-101.6861738,19.26932156
1242,1252,1252,0,-101.6815636,19.27028064
1243,1253,1253,0,-101.6894988,19.27041378
1244,1254,1254,0,-101.6801228,19.26589482
1245,1255,1255,0,-101.6804984,19.26737673
1246,1256,1256,0,-101.6755186,19.26643896
1247,1257,1257,0,-101.6641381,19.27687331
1248,1258,1258,0,-101.6657377,19.27798577
1249,1259,1259,0,-101.6384781,19.29625525
1250,1260,1260,0,-101.639392,19.2976546
1251,1261,1261,0,-101.6521236,19.28551506
1252,1262,1262,0,-101.6440721,19.28985044
1253,1263,1263,0,-101.6479515,19.29145018
1254,1264,1264,0,-101.6552202,19.29127887
1255,1265,1265,0,-101.6566224,19.29498761
1256,1266,1266,0,-101.6602675,19.29847397
1257,1267,1267,0,-101.6642379,19.29850931
1258,1268,1268,0,-101.666062,19.29825836
1259,1269,1269,0,-101.6612964,19.30649661
1260,1270,1270,0,-101.7973702,19.05081292
1261,1271,1271,0,-101.7534184,19.07923432
1262,1272,1272,0,-101.7526409,19.08029365
1263,1273,1273,0,-101.7519326,19.08124209
1264,1274,1274,0,-101.7561981,19.10812374
1265,1275,1275,0,-101.7560101,19.11314881
1266,1276,1276,0,-101.7768293,19.16146277
1267,1277,1277,0,-101.7687407,19.16265612
1268,1278,1278,0,-101.7687345,19.15926028
1269,1279,1279,0,-101.7678227,19.15946863
1270,1280,1280,0,-101.7476601,19.15171745
1271,1281,1281,0,-101.7481405,19.15364874
1272,1282,1282,0,-101.7487238,19.15437371
1273,1283,1283,0,-101.7505795,19.15344147
1274,1284,1284,0,-101.7474765,19.15260011
1275,1285,1285,0,-101.744703,19.1529628
1276,1286,1286,0,-101.7419634,19.15349894
1277,1287,1287,0,-101.7407845,19.15551355
1278,1288,1288,0,-101.7396098,19.15446298
1279,1289,1289,0,-101.7382981,19.15467148
1280,1290,1290,0,-101.7386285,19.15611971
1281,1291,1291,0,-101.7305182,19.15271645
1282,1292,1292,0,-101.7315824,19.15378363
1283,1293,1293,0,-101.7315441,19.15303131
1284,1294,1294,0,-101.7275926,19.15158314
1285,1295,1295,0,-101.7273106,19.15186793
1286,1296,1296,0,-101.7364202,19.15588339
1287,1297,1297,0,-101.7360529,19.15623718
1288,1298,1298,0,-101.7359396,19.15652067
1289,1299,1299,0,-101.735997,19.15814862
1290,1300,1300,0,-101.7360685,19.15771975
1291,1301,1301,0,-101.7403933,19.15758802
1292,1302,1302,0,-101.7409655,19.15915044
1293,1303,1303,0,-101.7418372,19.15907482
1294,1304,1304,0,-101.7380863,19.15886927
1295,1305,1305,0,-101.7384555,19.15975724
1296,1306,1306,0,-101.7395067,19.16021095
1297,1307,1307,0,-101.7339888,19.16062972
1298,1308,1308,0,-101.7358625,19.16292753
1299,1309,1309,0,-101.728457,19.16181732
1300,1310,1310,0,-101.7292282,19.16216162
1301,1311,1311,0,-101.729395,19.16244242
1302,1312,1312,0,-101.7298698,19.16173537
1303,1313,1313,0,-101.7394565,19.16471525
1304,1314,1314,0,-101.7059974,19.18547126
1305,1315,1315,0,-101.7091484,19.18488799
1306,1316,1316,0,-101.708914,19.18546072
1307,1317,1317,0,-101.7085745,19.18612448
1308,1318,1318,0,-101.7082998,19.18737758
1309,1319,1319,0,-101.7105722,19.19077081
1310,1320,1320,0,-101.7069435,19.19201725
1311,1321,1321,0,-101.7114188,19.19181388
1312,1322,1322,0,-101.68925,19.17645345
1313,1323,1323,0,-101.6938294,19.17890807
1314,1324,1324,0,-101.691275,19.1815546
1315,1325,1325,0,-101.6885036,19.18192856
1316,1326,1326,0,-101.689311,19.18359358
1317,1327,1327,0,-101.6874103,19.1856848
1318,1328,1328,0,-101.684159,19.18346256
1319,1329,1329,0,-101.6846728,19.18538781
1320,1330,1330,0,-101.685374,19.1862638
1321,1331,1331,0,-101.6837155,19.18620039
1322,1332,1332,0,-101.6849036,19.18913614
1323,1333,1333,0,-101.6906459,19.18743381
1324,1334,1334,0,-101.6899317,19.18778636
1325,1335,1335,0,-101.6895439,19.18969472
1326,1336,1336,0,-101.6911594,19.19150402
1327,1337,1337,0,-101.6902337,19.19245557
1328,1338,1338,0,-101.6935202,19.19109779
1329,1339,1339,0,-101.6925968,19.19319148
1330,1340,1340,0,-101.6936443,19.19389556
1331,1341,1341,0,-101.6944173,19.19015812
1332,1342,1342,0,-101.6890054,19.1928541
1333,1343,1343,0,-101.6961755,19.19128143
1334,1344,1344,0,-101.6966275,19.19585528
1335,1345,1345,0,-101.6995192,19.19785101
1336,1346,1346,0,-101.7190329,19.18808563
1337,1347,1347,0,-101.7227791,19.18603615
1338,1348,1348,0,-101.7221559,19.18850812
1339,1349,1349,0,-101.7202345,19.18544916
1340,1350,1350,0,-101.7333272,19.18900611
1341,1351,1351,0,-101.7293439,19.19398424
1342,1352,1352,0,-101.7351236,19.19295972
1343,1353,1353,0,-101.7362906,19.19256067
1344,1354,1354,0,-101.7305668,19.18560854
1345,1355,1355,0,-101.7344218,19.18561522
1346,1356,1356,0,-101.7424027,19.19101788
1347,1357,1357,0,-101.7379114,19.19495765
1348,1358,1358,0,-101.7464177,19.19602706
1349,1359,1359,0,-101.7486777,19.19219048
1350,1360,1360,0,-101.7525687,19.18746829
1351,1361,1361,0,-101.7685593,19.17984301
1352,1362,1362,0,-101.7680318,19.18078363
1353,1363,1363,0,-101.766257,19.17531602
1354,1364,1364,0,-101.7685728,19.17334964
1355,1365,1365,0,-101.7587086,19.1582693
1356,1366,1366,0,-101.7555721,19.15908636
1357,1367,1367,0,-101.7565711,19.16106882
1358,1368,1368,0,-101.7531859,19.1540412
1359,1369,1369,0,-101.7536848,19.15450665
1360,1370,1370,0,-101.7519453,19.15954805
1361,1371,1371,0,-101.7508389,19.15961228
1362,1372,1372,0,-101.7531279,19.15961487
1363,1373,1373,0,-101.7534024,19.15980126
1364,1374,1374,0,-101.7544255,19.16076514
1365,1375,1375,0,-101.7546017,19.16111588
1366,1376,1376,0,-101.7545428,19.16209485
1367,1377,1377,0,-101.7572163,19.16176542
1368,1378,1378,0,-101.7593325,19.16283609
1369,1379,1379,0,-101.7583248,19.16274642
1370,1380,1380,0,-101.7595541,19.16360938
1371,1381,1381,0,-101.7604095,19.16408283
1372,1382,1382,0,-101.756707,19.16428603
1373,1383,1383,0,-101.757464,19.16388886
1374,1384,1384,0,-101.7594806,19.1672242
1375,1385,1385,0,-101.7595362,19.16599
1376,1386,1386,0,-101.7571222,19.16671237
1377,1387,1387,0,-101.7564371,19.16724084
1378,1388,1388,0,-101.7529216,19.16399567
1379,1389,1389,0,-101.7536918,19.16442854
1380,1390,1390,0,-101.7540095,19.16458877
1381,1391,1391,0,-101.7463306,19.17156419
1382,1392,1392,0,-101.7471958,19.17224742
1383,1393,1393,0,-101.7659803,19.19943445
1384,1394,1394,0,-101.7649016,19.20299322
1385,1395,1395,0,-101.7620268,19.20338229
1386,1396,1396,0,-101.7588945,19.20395552
1387,1397,1397,0,-101.757463,19.20396689
1388,1398,1398,0,-101.7637971,19.20571612
1389,1399,1399,0,-101.7611367,19.20377049
1390,1400,1400,0,-101.7618485,19.2079328
1391,1401,1401,0,-101.7657408,19.21186586
1392,1402,1402,0,-101.7568402,19.21783641
1393,1403,1403,0,-101.7553787,19.21663544
1394,1404,1404,0,-101.7544368,19.22625919
1395,1405,1405,0,-101.7665286,19.23864367
1396,1406,1406,0,-101.768722,19.23896242
1397,1407,1407,0,-101.7729678,19.23856405
1398,1408,1408,0,-101.7726558,19.23920377
1399,1409,1409,0,-101.7712744,19.23953965
1400,1410,1410,0,-101.7700596,19.24041982
1401,1411,1411,0,-101.7693766,19.24389152
1402,1412,1412,0,-101.7697598,19.24368243
1403,1413,1413,0,-101.7644337,19.24431965
1404,1414,1414,0,-101.7671702,19.24667168
1405,1415,1415,0,-101.7662648,19.24688252
1406,1416,1416,0,-101.7509018,19.24161878
1407,1417,1417,0,-101.7540623,19.24054311
1408,1418,1418,0,-101.7528483,19.24057046
1409,1419,1419,0,-101.7515563,19.24005263
1410,1420,1420,0,-101.7512028,19.24328356
1411,1421,1421,0,-101.7534667,19.24333165
1412,1422,1422,0,-101.752615,19.24378625
1413,1423,1423,0,-101.7523961,19.24391474
1414,1424,1424,0,-101.7531384,19.24563649
1415,1425,1425,0,-101.7520972,19.24512609
1416,1426,1426,0,-101.7559598,19.24682527
1417,1427,1427,0,-101.7574702,19.24882573
1418,1428,1428,0,-101.7548007,19.24997049
1419,1429,1429,0,-101.7552545,19.25034357
1420,1430,1430,0,-101.7548729,19.25025124
1421,1431,1431,0,-101.7583451,19.25030812
1422,1432,1432,0,-101.7600547,19.24270266
1423,1433,1433,0,-101.7636058,19.24319535
1424,1434,1434,0,-101.7629736,19.2433395
1425,1435,1435,0,-101.7608748,19.24367644
1426,1436,1436,0,-101.7623788,19.24445927
1427,1437,1437,0,-101.7700808,19.24921283
1428,1438,1438,0,-101.7697527,19.24883757
1429,1439,1439,0,-101.7663448,19.25172092
1430,1440,1440,0,-101.7685859,19.25311224
1431,1441,1441,0,-101.7679076,19.25440862
1432,1442,1442,0,-101.8004902,19.29896378
1433,1443,1443,0,-101.7615017,19.28156287
1434,1444,1444,0,-101.761111,19.28244029
1435,1445,1445,0,-101.7617721,19.28215304
1436,1446,1446,0,-101.7611652,19.2829772
1437,1447,1447,0,-101.7554547,19.28190117
1438,1448,1448,0,-101.755515,19.28253276
1439,1449,1449,0,-101.7617692,19.26571933
1440,1450,1450,0,-101.7564515,19.26687068
1441,1451,1451,0,-101.7578823,19.2646148
1442,1452,1452,0,-101.7607387,19.26545817
1443,1453,1453,0,-101.761858,19.26472749
1444,1454,1454,0,-101.7600054,19.26588249
1445,1455,1455,0,-101.7534691,19.25175391
1446,1456,1456,0,-101.7538511,19.25207928
1447,1457,1457,0,-101.7529457,19.25032496
1448,1458,1458,0,-101.7471046,19.24797002
1449,1459,1459,0,-101.7497891,19.24852062
1450,1460,1460,0,-101.751997,19.24880454
1451,1461,1461,0,-101.749364,19.24238406
1452,1462,1462,0,-101.7464228,19.24084853
1453,1463,1463,0,-101.7462932,19.24036331
1454,1464,1464,0,-101.7482607,19.24126719
1455,1465,1465,0,-101.7483243,19.24077622
1456,1466,1466,0,-101.745827,19.23878394
1457,1467,1467,0,-101.7454581,19.23804599
1458,1468,1468,0,-101.7455736,19.23844474
1459,1469,1469,0,-101.7441855,19.2390011
1460,1470,1470,0,-101.7436384,19.23897375
1461,1471,1471,0,-101.7428376,19.23750888
1462,1472,1472,0,-101.7418297,19.23758861
1463,1473,1473,0,-101.7448572,19.23975971
1464,1474,1474,0,-101.7444764,19.24049704
1465,1475,1475,0,-101.7446729,19.24082952
1466,1476,1476,0,-101.7485977,19.23868878
1467,1477,1477,0,-101.7487142,19.23898063
1468,1478,1478,0,-101.7478878,19.24003028
1469,1479,1479,0,-101.748523,19.24039093
1470,1480,1480,0,-101.7533014,19.23034931
1471,1481,1481,0,-101.7543991,19.23524275
1472,1482,1482,0,-101.7575792,19.25480837
1473,1483,1483,0,-101.7593473,19.25584642
1474,1484,1484,0,-101.7598438,19.25632549
1475,1485,1485,0,-101.7562758,19.25717969
1476,1486,1486,0,-101.7370338,19.24257917
1477,1487,1487,0,-101.7383383,19.2406806
1478,1488,1488,0,-101.7396195,19.2408227
1479,1489,1489,0,-101.7391788,19.24097755
1480,1490,1490,0,-101.7390051,19.2378735
1481,1491,1491,0,-101.7388806,19.23738037
1482,1492,1492,0,-101.7388576,19.23694834
1483,1493,1493,0,-101.7346699,19.23810478
1484,1494,1494,0,-101.7366923,19.23767374
1485,1495,1495,0,-101.7362365,19.23785957
1486,1496,1496,0,-101.7359126,19.23796247
1487,1497,1497,0,-101.7358503,19.23831203
1488,1498,1498,0,-101.7367548,19.23858021
1489,1499,1499,0,-101.7523399,19.17377953
1490,1500,1500,0,-101.7865274,19.17164753
1491,1501,1501,0,-101.7873635,19.17200944
1492,1502,1502,0,-101.7876323,19.17216075
1493,1503,1503,0,-101.7033323,19.1002774
1494,1504,1504,0,-101.7070573,19.09235253
1495,1505,1505,0,-101.8836066,19.17190797
1496,1506,1506,0,-102.1065654,19.38430496
1497,1507,1507,0,-102.1104142,19.38353522
1498,1508,1508,0,-101.8644659,19.38843716
1499,1509,1509,0,-101.8666345,19.39343824
1500,1510,1510,0,-101.8687882,19.39519024
1501,1511,1511,0,-102.0809821,19.50199731
1502,1512,1512,0,-102.0845005,19.48034635
1503,1513,1513,0,-102.110236,19.47996983
1504,1514,1514,0,-101.8715361,19.16263328
1505,1515,1515,0,-102.0355479,19.35835219
1506,1516,1516,0,-102.1441798,19.36101301
1507,1517,1517,0,-102.1518931,19.35611959
1508,1518,1518,0,-102.1529158,19.36365566
1509,1519,1519,0,-102.1594281,19.36399435
1510,1520,1520,0,-102.1868576,19.35850064
1511,1521,1521,0,-102.128442,19.37605234
1512,1522,1522,0,-102.1017955,19.39834451
1513,1523,1523,0,-102.1406008,19.35617896
1514,1524,1524,0,-102.1216498,19.38936448
1515,1525,1525,0,-102.0891659,19.38052382
1516,1526,1526,0,-102.2509952,19.28880728
1517,1527,1527,0,-101.4110795,19.33094306
1518,1528,1528,0,-101.4115675,19.33348523
1519,1529,1529,0,-101.4007984,19.32446101
1520,1530,1530,0,-101.4005692,19.32448617
1521,1531,1531,0,-101.4003885,19.32390977
1522,1532,1532,0,-101.4019239,19.32334547
1523,1533,1533,0,-101.4029899,19.32343693
1524,1534,1534,0,-101.427561,19.32371806
1525,1535,1535,0,-101.4075549,19.31638819
1526,1536,1536,0,-101.4075121,19.31450908
1527,1537,1537,0,-101.4119908,19.31476489
1528,1538,1538,0,-101.4121736,19.31554971
1529,1539,1539,0,-101.4302109,19.31200117
1530,1540,1540,0,-101.4328774,19.31234415
1531,1541,1541,0,-101.4352524,19.31367703
1532,1542,1542,0,-101.4369469,19.31339321
1533,1543,1543,0,-101.4491752,19.30759802
1534,1544,1544,0,-101.4507603,19.30797337
1535,1545,1545,0,-101.4505814,19.30782651
1536,1546,1546,0,-101.4480145,19.3080703
1537,1547,1547,0,-101.444291,19.30679812
1538,1548,1548,0,-101.4443148,19.30874965
1539,1549,1549,0,-101.4437892,19.30829972
1540,1550,1550,0,-101.4426847,19.30788641
1541,1551,1551,0,-101.4361934,19.30384016
1542,1552,1552,0,-101.4283134,19.30449445
1543,1553,1553,0,-101.430042,19.30033391
1544,1554,1554,0,-101.4297541,19.3002108
1545,1555,1555,0,-101.4231548,19.30283448
1546,1556,1556,0,-101.4243326,19.30260465
1547,1557,1557,0,-101.4237571,19.30398348
1548,1558,1558,0,-101.4026964,19.29999543
1549,1559,1559,0,-101.4046997,19.2987519
1550,1560,1560,0,-101.4035165,19.29808988
1551,1561,1561,0,-101.4009015,19.29940599
1552,1562,1562,0,-101.402275,19.30201073
1553,1563,1563,0,-101.400694,19.30027927
1554,1564,1564,0,-101.45995,19.29773117
1555,1565,1565,0,-101.4598746,19.29689677
1556,1566,1566,0,-101.4533299,19.29594157
1557,1567,1567,0,-101.4520719,19.29673183
1558,1568,1568,0,-101.4528589,19.2926315
1559,1569,1569,0,-101.4512476,19.29201716
1560,1570,1570,0,-101.4488443,19.29202786
1561,1571,1571,0,-101.452017,19.29069386
1562,1572,1572,0,-101.4384302,19.27789839
1563,1573,1573,0,-101.4399237,19.2786589
1564,1574,1574,0,-101.4456684,19.27737411
1565,1575,1575,0,-102.3461509,19.88150094
1566,1576,1576,0,-102.3452049,19.88003154
1567,1577,1577,0,-102.3455221,19.87800197
1568,1578,1578,0,-102.343154,19.88139553
1569,1579,1579,0,-102.3528574,19.87859375
1570,1580,1580,0,-102.3539205,19.87782945
1571,1581,1581,0,-102.3514258,19.87853494
1572,1582,1582,0,-102.3489933,19.87405078
1573,1583,1583,0,-102.3505448,19.87551593
1574,1584,1584,0,-102.3489445,19.86662371
1575,1585,1585,0,-102.3469732,19.86669833
1576,1586,1586,0,-102.3499856,19.87725101
1577,1587,1587,0,-102.3497235,19.87730412
1578,1588,1588,0,-102.350708,19.85549685
1579,1589,1589,0,-102.383657,19.86170676
1580,1590,1590,0,-102.3524038,19.85047271
1581,1591,1591,0,-102.3534079,19.84815887
1582,1592,1592,0,-102.3536246,19.84767844
1583,1593,1593,0,-102.3553041,19.84682103
1584,1594,1594,0,-102.356352,19.84760269
1585,1595,1595,0,-102.3866782,19.85743508
1586,1596,1596,0,-102.3842258,19.85561262
1587,1597,1597,0,-102.3861217,19.85487606
1588,1598,1598,0,-102.3793425,19.85398031
1589,1599,1599,0,-102.379853,19.85241392
1590,1600,1600,0,-102.3780535,19.85628323
1591,1601,1601,0,-102.3830824,19.85316581
1592,1602,1602,0,-102.3848734,19.85329523
1593,1603,1603,0,-102.3858674,19.85256295
1594,1604,1604,0,-102.3756032,19.84001984
1595,1605,1605,0,-102.3761892,19.838397
1596,1606,1606,0,-102.3722647,19.83670852
1597,1607,1607,0,-102.4666015,19.76959731
1598,1608,1608,0,-102.4669858,19.76951702
1599,1609,1609,0,-102.4669236,19.76905229
1600,1610,1610,0,-102.4206663,19.76310665
1601,1611,1611,0,-102.420284,19.76338054
1602,1612,1612,0,-102.4230746,19.75836718
1603,1613,1613,0,-102.423139,19.75781299
1604,1614,1614,0,-102.4746444,19.76630094
1605,1615,1615,0,-102.4854725,19.76584048
1606,1616,1616,0,-102.4843072,19.76579168
1607,1617,1617,0,-102.4878742,19.76130155
1608,1618,1618,0,-102.4879614,19.75953583
1609,1619,1619,0,-102.4881541,19.75968035
1610,1620,1620,0,-102.4895641,19.75935582
1611,1621,1621,0,-102.4870195,19.7610049
1612,1622,1622,0,-102.4849718,19.74471679
1613,1623,1623,0,-102.4852352,19.74469729
1614,1624,1624,0,-102.4851032,19.74624502
1615,1625,1625,0,-102.4849138,19.74623706
1616,1626,1626,0,-102.4866511,19.74497763
1617,1627,1627,0,-102.4869163,19.74550478
1618,1628,1628,0,-102.4782368,19.74513382
1619,1629,1629,0,-102.4773699,19.74322175
1620,1630,1630,0,-102.47521,19.74241237
1621,1631,1631,0,-102.4744299,19.74479329
1622,1632,1632,0,-102.4888264,19.73771263
1623,1633,1633,0,-102.4888655,19.73749381
1624,1634,1634,0,-102.4891085,19.73980232
1625,1635,1635,0,-102.4903954,19.73463327
1626,1636,1636,0,-102.4470572,19.73497793
1627,1637,1637,0,-102.4474819,19.73734788
1628,1638,1638,0,-102.4494337,19.73257673
1629,1639,1639,0,-102.4500725,19.73061695
1630,1640,1640,0,-102.4218876,19.72955098
1631,1641,1641,0,-102.4211309,19.72850934
1632,1642,1642,0,-102.4205588,19.72864904
1633,1643,1643,0,-102.4246111,19.6971095
1634,1644,1644,0,-102.4252316,19.6996791
1635,1645,1645,0,-102.430563,19.69685296
1636,1646,1646,0,-102.4318312,19.69845072
1637,1647,1647,0,-102.4306049,19.69550861
1638,1648,1648,0,-102.4196592,19.69057289
1639,1649,1649,0,-102.4139938,19.71511261
1640,1650,1650,0,-102.4306189,19.68759557
1641,1651,1651,0,-102.3356478,19.58111773
1642,1652,1652,0,-102.26391,19.55316615
1643,1653,1653,0,-102.2616784,19.5536725
1644,1654,1654,0,-102.2821533,19.54242098
1645,1655,1655,0,-102.2806789,19.54396884
1646,1656,1656,0,-102.3838123,19.43222726
1647,1657,1657,0,-102.3847932,19.4340124
1648,1658,1658,0,-102.3824955,19.43026914
1649,1659,1659,0,-102.3500423,19.48740532
1650,1660,1660,0,-102.3504315,19.48687053
1651,1661,1661,0,-102.3508811,19.48716027
1652,1662,1662,0,-102.3512779,19.48786315
1653,1663,1663,0,-102.3655549,19.4986506
1654,1664,1664,0,-102.3759077,19.49874577
1655,1665,1665,0,-102.4117127,19.46953421
1656,1666,1666,0,-102.4110064,19.46782806
1657,1667,1667,0,-102.4553728,19.43224925
1658,1668,1668,0,-102.4393682,19.5019213
1659,1669,1669,0,-102.3983854,19.52377841
1660,1670,1670,0,-102.3988061,19.52501908
1661,1671,1671,0,-102.3963571,19.52224389
1662,1672,1672,0,-102.3983632,19.52232142
1663,1673,1673,0,-102.4952342,19.43755536
1664,1674,1674,0,-102.4955885,19.43685675
1665,1675,1675,0,-102.4996413,19.444949
1666,1676,1676,0,-102.500002,19.44345333
1667,1677,1677,0,-102.5008606,19.44262441
1668,1678,1678,0,-102.497393,19.44548711
1669,1679,1679,0,-102.4929734,19.49188098
1670,1680,1680,0,-102.4912499,19.5004642
1671,1681,1681,0,-102.4909297,19.49895349
1672,1682,1682,0,-102.4898032,19.50207145
1673,1683,1683,0,-102.4898483,19.50258984
1674,1684,1684,0,-102.4802897,19.50450827
1675,1685,1685,0,-102.4798313,19.50633493
1676,1686,1686,0,-102.4784604,19.50537532
1677,1687,1687,0,-102.4779593,19.50513243
1678,1688,1688,0,-102.4775875,19.50404078
1679,1689,1689,0,-102.4771221,19.50748082
1680,1690,1690,0,-102.4782129,19.50679527
1681,1691,1691,0,-102.4774711,19.50687183
1682,1692,1692,0,-102.4773202,19.50707212
1683,1693,1693,0,-102.4763661,19.50825383
1684,1694,1694,0,-102.4747615,19.50783459
1685,1695,1695,0,-102.4725476,19.50378393
1686,1696,1696,0,-102.4715586,19.50383678
1687,1697,1697,0,-102.4724018,19.50291759
1688,1698,1698,0,-102.4752711,19.50345983
1689,1699,1699,0,-102.4718887,19.50127512
1690,1700,1700,0,-102.4724001,19.50065768
1691,1701,1701,0,-102.4699028,19.50374436
1692,1702,1702,0,-102.465947,19.5062986
1693,1703,1703,0,-102.4676387,19.5065187
1694,1704,1704,0,-102.4855884,19.50949442
1695,1705,1705,0,-102.4878646,19.5109123
1696,1706,1706,0,-102.4847239,19.51045895
1697,1707,1707,0,-102.4853314,19.51158208
1698,1708,1708,0,-102.4816689,19.51012109
1699,1709,1709,0,-102.4832409,19.51089532
1700,1710,1710,0,-102.4857536,19.51894324
1701,1711,1711,0,-102.4860338,19.51997764
1702,1712,1712,0,-102.4876911,19.51945987
1703,1713,1713,0,-102.4880953,19.51712048
1704,1714,1714,0,-102.4895816,19.51858991
1705,1715,1715,0,-102.488447,19.52054115
1706,1716,1716,0,-102.4485699,19.5357292
1707,1717,1717,0,-102.4465012,19.53410177
1708,1718,1718,0,-102.4470209,19.53417828
1709,1719,1719,0,-102.4466053,19.53453372
1710,1720,1720,0,-102.4468988,19.53611444
1711,1721,1721,0,-102.4438512,19.53425811
1712,1722,1722,0,-102.4440521,19.53305637
1713,1723,1723,0,-102.4339594,19.53752616
1714,1724,1724,0,-102.4244528,19.53743535
1715,1725,1725,0,-102.4252567,19.53668239
1716,1726,1726,0,-102.4267634,19.5363679
1717,1727,1727,0,-102.4258119,19.53807769
1718,1728,1728,0,-102.4248174,19.5383976
1719,1729,1729,0,-102.4246041,19.53914905
1720,1730,1730,0,-102.42626,19.54128063
1721,1731,1731,0,-102.4257593,19.54320625
1722,1732,1732,0,-102.4291503,19.5434863
1723,1733,1733,0,-102.4279277,19.54500831
1724,1734,1734,0,-102.4355387,19.5474548
1725,1735,1735,0,-102.4362285,19.54667784
1726,1736,1736,0,-102.4364588,19.54619942
1727,1737,1737,0,-102.4368791,19.54479151
1728,1738,1738,0,-102.4363925,19.54433271
1729,1739,1739,0,-102.4367156,19.5415616
1730,1740,1740,0,-102.4393981,19.54273365
1731,0,0,0,-101.5421851,19.21837264
1732,0,0,1,-101.5318087,19.21755991
1733,0,0,2,-101.5255329,19.21462131
1734,0,0,3,-101.5172277,19.22708169
1735,0,0,4,-101.5211529,19.25064887
1736,0,0,5,-101.5153606,19.2514804
1737,0,0,6,-101.5152083,19.23862991
1738,0,0,7,-101.5097776,19.27628112
1739,0,0,8,-101.4888785,19.27229722
1740,0,0,9,-101.728794,19.37500902
1741,0,0,10,-101.3821569,19.52801748
1742,0,0,11,-101.3830934,19.5258867
1743,0,0,12,-101.257499,19.65780801
1744,0,0,13,-101.2599792,19.65808683
1745,0,0,14,-101.5541661,19.53850147
1746,0,0,15,-102.7961365,19.80638507
1747,0,0,16,-102.7811401,19.85300716
1748,0,0,17,-102.9416367,19.92173073
1749,0,0,18,-101.3072429,19.37869578
1750,0,0,19,-101.2693112,19.42798371
1751,0,0,20,-101.4168444,19.09920181
1752,0,0,21,-101.5298484,19.24490377
1753,0,0,22,-101.5295332,19.24579094
1754,0,0,23,-101.5186475,19.26077133
1755,0,0,24,-101.5828509,19.22012863
1756,0,0,25,-101.5339531,19.23037605
1757,0,0,26,-101.5363763,19.23525063
1758,0,0,27,-101.5127486,19.17627303
1759,0,0,28,-101.5456432,19.26522946
1760,0,0,29,-101.4490558,19.33135517
1761,0,0,30,-101.4452675,19.33259481
1762,0,0,31,-101.4448069,19.33010986
1763,0,0,32,-101.4413643,19.33173971
1764,0,0,33,-101.4319819,19.3410009
1765,0,0,34,-101.4280348,19.34064182
1766,0,0,35,-101.4274809,19.33574069
1767,0,0,36,-101.4939629,19.34815708
1768,0,0,37,-101.4887626,19.34957792
1769,0,0,38,-101.4754533,19.28769007
1770,0,0,39,-101.4757971,19.30306282
1771,0,0,40,-101.4789688,19.30397302
1772,0,0,41,-101.4109287,19.29789224
1773,0,0,42,-101.3734349,19.32317348
1774,0,0,43,-101.5466358,19.22404114
1775,0,0,44,-101.5483865,19.22567512
1776,0,0,45,-101.4802977,19.12883789
1777,0,0,46,-102.3590723,19.36720434
1778,0,0,47,-102.3614192,19.36489918
1779,0,0,48,-102.3627833,19.36392193
1780,0,0,49,-102.3566827,19.36995616
1781,0,0,50,-102.3337134,19.34261474
1782,0,0,51,-102.3361179,19.34591393
1783,0,0,52,-102.2750522,19.30274467
1784,0,0,53,-102.2772153,19.30358345
1785,0,0,54,-102.2737628,19.27560225
1786,0,0,55,-102.2982513,19.2466527
1787,0,0,56,-102.2974229,19.24698782
1788,0,0,57,-102.2843631,19.21741586
1789,0,0,58,-102.2876577,19.20683776
1790,0,0,59,-102.3051869,19.20113586
1791,0,0,60,-102.2816849,19.22655643
1792,0,0,61,-102.2773041,19.23145894
1793,0,0,62,-102.2623921,19.29257301
1794,0,0,63,-102.2540248,19.32942459
1795,0,0,64,-102.2594502,19.32432281
1796,0,0,65,-102.3070671,19.33196659
1797,0,0,66,-102.299857,19.33424827
1798,0,0,67,-102.3258785,19.23036649
1799,0,0,68,-102.3234954,19.23056326
1800,0,0,69,-102.318799,19.23369486
1801,0,0,70,-102.3166446,19.24255619
1802,0,0,71,-102.3128215,19.23374172
1803,0,0,72,-102.3105937,19.21615269
1804,0,0,73,-102.3166913,19.20966819
1805,0,0,74,-102.3115124,19.22093611
1806,0,0,75,-102.2739094,19.2140191
1807,0,0,76,-102.3012683,19.33725615
1808,0,0,77,-102.3011868,19.3409718
1809,0,0,78,-102.2966824,19.33890808
1810,0,0,79,-102.2810842,19.34428671
1811,0,0,80,-102.2807299,19.34796991
1812,0,0,81,-102.26906,19.3445232
1813,0,0,82,-102.2650506,19.35121799
1814,0,0,83,-102.2759299,19.24716388
1815,0,0,84,-102.2695389,19.23502445
1816,0,0,85,-102.343476,19.32096261
1817,0,0,86,-102.3358596,19.32036219
1818,0,0,87,-102.4324967,19.40862817
1819,0,0,88,-102.3778991,19.3168289
1820,0,0,89,-102.3783789,19.32129193
1821,0,0,90,-102.3801013,19.31925659
1822,0,0,91,-102.3686136,19.30594788
1823,0,0,92,-102.2286954,19.39052492
1824,0,0,93,-102.1785422,19.39316076
1825,0,0,94,-102.3674008,19.48116853
1826,0,0,95,-102.3686847,19.47841883
1827,0,0,96,-102.3717149,19.48461141
1828,0,0,97,-102.3743305,19.50083466
1829,0,0,98,-102.2535201,19.5432716
1830,0,0,99,-102.4073876,19.53288238
1831,0,356,0,-101.5168316,19.22583191
1832,0,357,0,-101.518638,19.26001301